2015-10-14T23:00:00 , 2250
2015-10-14T23:00:00 , 2170
2015-10-14T23:00:00 , 2915
2015-10-14T23:00:00 , 2885
2015-10-14T23:00:00 , 2827
2015-10-14T23:00:00 , 2418
2015-10-14T23:00:00 , 2220
2015-10-14T23:00:00 , 2143
2015-10-14T23:00:00 , 2774
2015-10-14T23:00:00 , 2261
2015-10-14T23:00:00 , 2246
2015-10-14T23:00:00 , 2135
2015-10-14T23:00:00 , 2208
2015-10-14T23:00:00 , 2002
2015-10-14T23:00:00 , 2618
2015-10-14T23:00:00 , 2561
2015-10-14T23:00:00 , 2769
2015-10-14T23:00:00 , 2327
2015-10-14T23:00:00 , 2379
2015-10-14T23:00:00 , 2252
2015-10-14T23:00:00 , 3089
2015-10-14T23:00:00 , 2940
2015-10-14T23:00:00 , 2876
2015-10-14T23:00:00 , 2792
