2015-10-12T23:00:00 , 925
2015-10-12T15:00:00 , 748
2015-10-12T14:00:00 , 932
2015-10-12T06:00:00 , 791
2015-10-12T05:00:00 , 881
2015-10-12T04:00:00 , 1040
2015-10-12T22:00:00 , 767
2015-10-12T21:00:00 , 645
2015-10-12T20:00:00 , 655
2015-10-12T13:00:00 , 985
2015-10-12T12:00:00 , 836
2015-10-12T11:00:00 , 599
2015-10-12T00:00:00 , 1328
2015-10-12T19:00:00 , 691
2015-10-12T03:00:00 , 1140
2015-10-12T02:00:00 , 1201
2015-10-12T01:00:00 , 1312
2015-10-12T10:00:00 , 532
2015-10-12T18:00:00 , 727
2015-10-12T17:00:00 , 821
2015-10-12T16:00:00 , 842
2015-10-12T09:00:00 , 497
2015-10-12T08:00:00 , 652
2015-10-12T07:00:00 , 734
2015-10-13T23:00:00 , 1944
2015-10-13T22:00:00 , 1829
2015-10-13T14:00:00 , 1317
2015-10-13T13:00:00 , 1190
2015-10-13T12:00:00 , 1272
2015-10-13T04:00:00 , 906
2015-10-13T03:00:00 , 936
2015-10-13T02:00:00 , 910
2015-10-13T21:00:00 , 1766
2015-10-13T20:00:00 , 1724
2015-10-13T11:00:00 , 1413
2015-10-13T10:00:00 , 1196
2015-10-13T00:00:00 , 873
2015-10-13T19:00:00 , 1580
2015-10-13T18:00:00 , 1525
2015-10-13T17:00:00 , 1493
2015-10-13T01:00:00 , 827
2015-10-13T09:00:00 , 1036
2015-10-13T08:00:00 , 1201
2015-10-13T16:00:00 , 1574
2015-10-13T15:00:00 , 1457
2015-10-13T07:00:00 , 1312
2015-10-13T06:00:00 , 1474
2015-10-13T05:00:00 , 1089
2015-10-14T05:00:00 , 2250
2015-10-14T04:00:00 , 2170
2015-10-14T22:00:00 , 2915
2015-10-14T21:00:00 , 2885
2015-10-14T20:00:00 , 2827
2015-10-14T12:00:00 , 2418
2015-10-14T11:00:00 , 2220
2015-10-14T10:00:00 , 2143
2015-10-14T19:00:00 , 2774
2015-10-14T03:00:00 , 2261
2015-10-14T02:00:00 , 2246
2015-10-14T01:00:00 , 2135
2015-10-14T09:00:00 , 2208
2015-10-14T00:00:00 , 2002
2015-10-14T18:00:00 , 2618
2015-10-14T17:00:00 , 2561
2015-10-14T16:00:00 , 2769
2015-10-14T08:00:00 , 2327
2015-10-14T07:00:00 , 2379
2015-10-14T06:00:00 , 2252
2015-10-14T23:00:00 , 3089
2015-10-14T15:00:00 , 2940
2015-10-14T14:00:00 , 2876
2015-10-14T13:00:00 , 2792
2015-10-15T13:00:00 , 3013
2015-10-15T12:00:00 , 2951
2015-10-15T11:00:00 , 2707
2015-10-15T04:00:00 , 2329
2015-10-15T03:00:00 , 2339
2015-10-15T02:00:00 , 2380
2015-10-15T20:00:00 , 2172
2015-10-15T10:00:00 , 2287
2015-10-15T19:00:00 , 2112
2015-10-15T18:00:00 , 2055
2015-10-15T17:00:00 , 2200
2015-10-15T01:00:00 , 2680
2015-10-15T09:00:00 , 1974
2015-10-15T08:00:00 , 2037
2015-10-15T07:00:00 , 2336
2015-10-15T00:00:00 , 2858
2015-10-15T16:00:00 , 2332
2015-10-15T15:00:00 , 2706
2015-10-15T14:00:00 , 3071
2015-10-15T06:00:00 , 2505
2015-10-15T05:00:00 , 2238
2015-10-15T23:00:00 , 2161
2015-10-15T22:00:00 , 2098
2015-10-15T21:00:00 , 2122
